{
    "estudiantes": [
        {
            "nombre": "owen",
            "grado": "11"
        },
        {
            "nombre": "eduardo",
            "grado": "11"
        },
        {
            "nombre": "victor",
            "grado": "10"
        },
        {
            "nombre": "maria",
            "grado": "6"
        },
        {
            "nombre": "pablo",
            "grado": "10"
        },
        {
            "nombre": "james",
            "grado": "11"
        }
    ],
    "asistencias": [
        {
            "estudiante": "owen",
            "estado": "Justificado",
            "fecha": "2025-12-11"
        },
        {
            "estudiante": "owen",
            "estado": "Presente",
            "fecha": "2025-12-11"
        },
        {
            "estudiante": "owen",
            "estado": "Presente",
            "fecha": "2025-12-11"
        },
        {
            "estudiante": "eduardo",
            "estado": "Faltante",
            "fecha": "2025-12-11"
        },
        {
            "estudiante": "victor",
            "estado": "Faltante",
            "fecha": "2025-12-11"
        },
        {
            "estudiante": "maria",
            "estado": "Justificado",
            "fecha": "2025-12-11"
        },
        {
            "estudiante": "ana",
            "estado": "Presente",
            "fecha": "2025-12-11"
        },
        {
            "estudiante": "pablo",
            "estado": "Presente",
            "fecha": "2025-12-11"
        },
        {
            "estudiante": "james",
            "estado": "Presente",
            "fecha": "2025-12-11"
        }
    ]
}